id,question
1,In which county is Geirangerfjord located?
1,What months are best for visiting Geirangerfjord?
1,"What activities are available at Geirangerfjord, such as boat tours or kayaking?"
1,Is Geirangerfjord designated as a UNESCO World Heritage Site?
1,"What natural features and viewpoints can I expect at Geirangerfjord, for example Dalsnibba?"
2,How high is the plateau at Preikestolen above Lysefjord?
2,In which county is Preikestolen located?
2,How long does the hike to Preikestolen typically take each way?
2,Which months are best for visiting Preikestolen?
2,What kind of panoramic view can visitors expect from Preikestolen?
3,How long does the hike to Trolltunga typically take?
3,When is the recommended time of year to visit Trolltunga?
3,In which county is Trolltunga located?
3,What type of activity is Trolltunga best known for?
3,What views or scenery can I expect from the Trolltunga rock ledge?
4,In which county are the Lofoten Islands located?
4,Which months are best to visit the Lofoten Islands?
4,What outdoor activities can I do in the Lofoten Islands?
4,What natural features and sights can I expect to see on the Lofoten archipelago?
4,Are traditional rorbuer cabins available for accommodation in the Lofoten Islands?
5,Which attraction is the northernmost point in Europe accessible by car?
5,In which county is North Cape located?
5,What months are recommended to visit North Cape?
5,What type of activity is North Cape best suited for?
5,What iconic monument sits on the cliff overlooking the Barents Sea at North Cape?
6,Which county is the Oslo Opera House located in?
6,What types of activities or cultural experiences are offered at the Oslo Opera House?
6,Is the Oslo Opera House open to visit year‑round?
6,What does the exterior of the Oslo Opera House resemble and what material is it made of?
6,What feature lets visitors walk and enjoy views of the Oslo Fjord at the Oslo Opera House?
7,What type of cultural site is Bergen Bryggen and what distinctive features does it have?
7,In which county is Bergen Bryggen located?
7,Which months are recommended for visiting Bergen Bryggen?
7,What attractions and amenities can visitors find at Bergen Bryggen today?
7,Why is Bergen Bryggen historically significant and does it have any heritage designation?
8,What makes the Flåm Railway a highlight of Norwegian scenic travel?
8,Which two places does the Flåm Railway run between?
8,In which county is the Flåm Railway located?
8,During which months is it best to visit the Flåm Railway?
8,What type of activity is the Flåm Railway categorized as?
9,Where is Svalbard located?
9,When is the recommended time to visit Svalbard?
9,What wildlife and natural features can I expect to see in Svalbard?
9,What adventure activities are available to do in Svalbard?
9,Which county does Svalbard belong to?
10,What is the Atlantic Road (Atlanterhavsveien) known for?
10,In which county is the Atlantic Road located?
10,What type of activity is the Atlantic Road classified as?
10,Which months are recommended to visit the Atlantic Road?
10,Why is the Atlantic Road often called the world's most beautiful drive?
11,How high above Lysefjord is Kjeragbolten?
11,Which county is Kjeragbolten located in?
11,When is the best time of year to visit Kjeragbolten?
11,What type of activity is Kjeragbolten known for?
11,What scenic views and photo opportunities does the Kjeragbolten hike offer?
12,When is the best time to visit Rondane National Park?
12,Which county is Rondane National Park in?
12,What activities are available at Rondane National Park?
12,What makes Rondane National Park notable or special?
12,"What popular hikes are in Rondane National Park, and what views does Rondeslottet offer?"
13,What makes Vigeland Park unique among sculpture parks?
13,In which county is Vigeland Park located?
13,Who is the artist responsible for the sculptures in Vigeland Park?
13,Approximately how many works are featured in Vigeland Park?
13,During which months can I visit Vigeland Park?
14,What is Akershus Fortress and when was it built?
14,In which county is Akershus Fortress located?
14,Which months are best for visiting Akershus Fortress?
14,What kinds of museums and exhibitions can I see inside Akershus Fortress?
14,What views does Akershus Fortress offer visitors?
15,Why is Røros Mining Town designated a UNESCO World Heritage Site?
15,When is the recommended time to visit Røros Mining Town?
15,In which county is Røros Mining Town located?
15,What cultural features and historical sites can visitors see in Røros Mining Town?
15,Was Røros historically a copper-mining town?
16,When is the best time to visit Hardangervidda National Park?
16,In which county is Hardangervidda National Park located?
16,Is Hardangervidda the largest mountain plateau in Europe?
16,What wildlife might I encounter at Hardangervidda National Park?
16,Does Hardangervidda offer hiking opportunities as well as fishing lakes and glaciers for outdoor enthusiasts?
17,In which city is Nidaros Cathedral located?
17,What architectural style is Nidaros Cathedral built in?
17,Over whose burial site was Nidaros Cathedral constructed?
17,In which county can I find Nidaros Cathedral?
17,During which months can I visit Nidaros Cathedral?
18,How long is Lysefjord?
18,In which county is Lysefjord located?
18,Which months are best to visit Lysefjord?
18,Which famous cliffs does Lysefjord feature?
18,What activities can visitors do at Lysefjord?
19,Which county is Tromsø in?
19,Which months are recommended for visiting Tromsø to see the northern lights?
19,What cultural attractions and events are available in Tromsø?
19,What other activities can visitors do in Tromsø besides northern lights tours?
19,Why is Tromsø described as the gateway to the north?
20,Where is Jotunheimen National Park located?
20,What activities can I do at Jotunheimen National Park?
20,Which months are best to visit Jotunheimen National Park?
20,What popular hiking routes are found in Jotunheimen National Park?
20,What kind of scenery and wildlife can I expect in Jotunheimen National Park?
21,What type of activity is Aurlandsdalen Valley known for?
21,Which county is Aurlandsdalen Valley located in?
21,What months are recommended to visit Aurlandsdalen Valley?
21,What will I see along the hike through Aurlandsdalen Valley?
21,Why is Aurlandsdalen Valley referred to as Norway's Grand Canyon?
22,What type of attraction is Saltstraumen?
22,Where in Norway is Saltstraumen located (which county and nearby town)?
22,Which months are recommended for visiting Saltstraumen?
22,How strong are the tidal currents at Saltstraumen?
22,How can visitors experience the whirlpools at Saltstraumen?
23,What route does the Hurtigruten Coastal Voyage follow (which cities does it connect)?
23,What type of activity is the Hurtigruten Coastal Voyage classified as?
23,When can I expect to see the northern lights or the midnight sun on this voyage?
23,Which counties does the Hurtigruten Coastal Voyage pass through?
23,Is the Hurtigruten Coastal Voyage available year-round?
24,What makes Lindesnes Lighthouse historically significant?
24,Does Lindesnes Lighthouse mark Norway's southernmost point?
24,In which county is Lindesnes Lighthouse located?
24,When is the best time of year to visit Lindesnes Lighthouse?
24,What visitor experiences are available at Lindesnes Lighthouse?
25,How old are the Alta Rock Carvings and what is their historical significance?
25,In which county are the Alta Rock Carvings located?
25,Which months are best for visiting the Alta Rock Carvings?
25,What kinds of scenes are depicted in the rock carvings at Alta?
25,Is the Alta Rock Carvings site a UNESCO World Heritage Site?
26,What is Senja Island known for?
26,When is the best time to visit Senja Island?
26,Which county is Senja Island located in?
26,What kinds of activities can I do on Senja Island?
26,Are Senja's scenic roads less crowded than those in Lofoten?
27,In which county is the Rondane Scenic Route located?
27,What type of attraction is the Rondane Scenic Route classified as?
27,Which months are recommended for visiting the Rondane Scenic Route?
27,What scenic features and activities does the Rondane Scenic Route offer to visitors?
27,Does the Rondane Scenic Route pass through Rondane National Park?
28,In which county are Rjukan and Vemork located?
28,Which months are recommended for visiting Rjukan and Vemork?
28,What makes Rjukan and Vemork historically significant during World War II?
28,What does the museum at Vemork explain about heavy water production?
28,How is Rjukan and Vemork classified in terms of visitor activity?
29,Which county is Hamnøy located in?
29,What months are recommended for visiting Hamnøy?
29,Is Hamnøy considered one of Lofoten’s most photographed fishing villages?
29,What iconic red structures can photographers expect to see in Hamnøy?
29,What dramatic natural backdrop frames the village of Hamnøy?
30,In which county is Ålesund located?
30,What are the best months to visit Ålesund?
30,Which architectural style characterizes Ålesund after it was rebuilt in 1904?
30,What visual features and types of buildings make Ålesund stand out for visitors?
30,"Are there notable viewpoints in Ålesund, and can you name one?"
31,When is the best time of year to visit Kjerag Waterfalls?
31,In which county are Kjerag Waterfalls located?
31,What kind of activity is Kjerag Waterfalls suitable for?
31,Are Kjerag Waterfalls commonly combined with the Kjeragbolten hike?
31,What scenery and features can visitors expect at Kjerag Waterfalls?
32,What type of attraction is the Narvik War Museum?
32,In which county is the Narvik War Museum located?
32,Is the Narvik War Museum open year-round?
32,What aspect of World War II does the Narvik War Museum focus on?
32,What kinds of exhibits can visitors expect at the Narvik War Museum?
33,In which county are the Bygdøy Museums located?
33,What activity type is the Bygdøy Museums listed under?
33,Which museums are found on the Bygdøy peninsula?
33,What aspect of Norway do the Bygdøy Museums showcase?
33,When can I visit the Bygdøy Museums?
34,What months are best to visit Hemsedal for winter sports?
34,Which county is Hemsedal located in?
34,What types of ski terrain and trails are available at Hemsedal?
34,"Does Hemsedal offer activities in summer, and if so which ones?"
34,Is Hemsedal considered one of Norway's top ski resorts?
35,When is the best time to drive Sognefjell Road?
35,Which counties does Sognefjell Road run through?
35,What type of activity is Sognefjell Road suitable for?
35,What does Sognefjell Road connect?
35,What kind of scenery and views can I expect along Sognefjell Road?
36,What type of attraction is Henningsvær?
36,Which county is Henningsvær in?
36,When is the best time to visit Henningsvær?
36,What unique landmark is Henningsvær famous for?
36,What can visitors see and do in Henningsvær?
37,When is the best time of year to visit Dovrefjell-Sunndalsfjella National Park?
37,In which county is Dovrefjell-Sunndalsfjella National Park located?
37,Which animals can I expect to see in the park?
37,Are guided safaris available to view wildlife up close at Dovrefjell-Sunndalsfjella?
37,What activities can visitors do at Dovrefjell-Sunndalsfjella National Park?
38,How old is Kaupanger Stave Church?
38,In which county is Kaupanger Stave Church located?
38,Which months are best for visiting Kaupanger Stave Church?
38,What material was used to build Kaupanger Stave Church?
38,Why is Kaupanger Stave Church considered architecturally significant?
39,What exhibitions can I see at the Nordland National Park Centre?
39,In which county is the Nordland National Park Centre located?
39,Is the Nordland National Park Centre open year‑round?
39,"Does the Nordland National Park Centre focus on nature, culture, or both?"
39,Does the Nordland National Park Centre serve as a gateway to surrounding national parks?
40,What kind of activity is Besseggen Ridge suitable for?
40,In which county is Besseggen Ridge located?
40,When is the best time of year to visit Besseggen Ridge?
40,What scenic lakes can be seen from the Besseggen Ridge hike?
40,How difficult is the Besseggen Ridge route?
41,In which county is Kirkenes Snowhotel located?
41,What months are recommended to visit Kirkenes Snowhotel?
41,Is the Kirkenes Snowhotel rebuilt each winter?
41,Can guests sleep on ice beds with reindeer skins at Kirkenes Snowhotel?
41,Does Kirkenes Snowhotel offer husky sledding and northern lights experiences?
42,Which county is Stalheimskleiva located in?
42,What type of activity is Stalheimskleiva classified as?
42,What months are recommended to visit Stalheimskleiva?
42,How many hairpin bends does the road at Stalheimskleiva have?
42,What panoramic views and waterfalls can you see from Stalheimskleiva?
43,When was Heddal Stave Church built?
43,In which county is Heddal Stave Church located?
43,What makes Heddal Stave Church architecturally notable?
43,Which months are best to visit Heddal Stave Church?
43,Is Heddal Stave Church considered a historical or religious attraction?
44,What activities can I do in the Lyngen Alps?
44,Which months are best to visit the Lyngen Alps?
44,In which county are the Lyngen Alps located?
44,Where are the Lyngen Alps located in relation to Tromsø?
44,Are the Lyngen Alps recommended for experienced travelers?
45,Which county is Nordfjord in?
45,Which months are recommended for visiting Nordfjord?
45,What types of activities can I do in Nordfjord?
45,What are the main highlights to see in Nordfjord?
45,"Is summer skiing offered in Nordfjord, and if so where?"
46,What does the spiral shape of the Alta Northern Lights Cathedral represent?
46,In which county is the Alta Northern Lights Cathedral located?
46,What activity type is the Alta Northern Lights Cathedral listed under?
46,When can visitors go to the Alta Northern Lights Cathedral?
46,What kind of exhibitions are featured at the Alta Northern Lights Cathedral?
47,What is the Kvikne Copper Works attraction and why is it considered cultural heritage?
47,In which county is Kvikne Copper Works located?
47,When is the best time of year to visit Kvikne Copper Works?
47,Are guided tours offered at Kvikne Copper Works and what do they cover?
47,What period of mining history and workers' lives does Kvikne Copper Works highlight?
48,How many locks does the Telemark Canal have?
48,Which two places does the Telemark Canal connect?
48,In which county is the Telemark Canal located?
48,What months are recommended to visit the Telemark Canal?
48,What nickname does the Telemark Canal have and what kind of journeys does it offer?
49,In which county is Hallingdal Valley located?
49,Which months are recommended for visiting Hallingdal Valley?
49,What kinds of activities and cultural experiences can visitors enjoy in Hallingdal Valley?
49,What is the landscape and setting like in Hallingdal Valley?
49,"Is Hallingdal Valley considered a nature attraction, a cultural attraction, or both?"
50,What is Molde’s popular nickname?
50,In which county is Molde located?
50,What annual event and type of gardens is Molde known for?
50,When is the best time to visit Molde?
50,What kinds of scenic views can visitors expect in Molde?
51,Which county is Vesterålen in?
51,When is the best time to visit Vesterålen?
51,What types of activities and wildlife experiences can I expect in Vesterålen?
51,How does Vesterålen compare to Lofoten in terms of crowds and scenery?
51,Where is Vesterålen located relative to Lofoten?
52,What is the Drammen Spiral Tunnel and what views does it offer?
52,In which county is the Drammen Spiral Tunnel located?
52,Which months are recommended for visiting the Drammen Spiral Tunnel?
52,How many times does the tunnel spiral inside the mountain before reaching the top?
52,What activity type or classification does the Drammen Spiral Tunnel fall under?
53,Which county is Gaustatoppen in?
53,What are the best months to visit Gaustatoppen?
53,What activities can you do at Gaustatoppen?
53,Can you reach the summit by hiking or by the Gaustabanen funicular inside the mountain?
53,How much of Norway can you see from Gaustatoppen on a clear day?
54,"Does the Munch Museum showcase ""The Scream"" and other masterpieces?"
54,In which county is the Munch Museum located?
54,Is the Munch Museum open year-round?
54,"Does the museum's modern building host events, concerts, and exhibitions?"
54,What activity type is the Munch Museum categorized under?
55,What type of attraction is Trondheim Old Town Bridge?
55,In which county is Trondheim Old Town Bridge located?
55,When can I visit Trondheim Old Town Bridge during the year?
55,How old is Trondheim Old Town Bridge and does it have a nickname?
55,What views does Trondheim Old Town Bridge offer?
56,Which county is Bodø located in?
56,Is Bodø situated above the Arctic Circle?
56,Does Bodø serve as a gateway to Saltstraumen and ferries to Lofoten?
56,"What types of activities are available in Bodø — culture, nature, or both?"
56,"What is Bodø known for, such as aviation history, modern art, or the northern lights?"
57,Which months are best for visiting Hafjell for skiing?
57,What county is Hafjell in?
57,What winter activities are available at Hafjell?
57,What summer activities can I do at Hafjell?
57,Is Hafjell near Lillehammer and what kind of resort is it?
58,Which county is Maihaugen located in?
58,Which months are best for visiting Maihaugen?
58,How many historic buildings are showcased at Maihaugen?
58,What periods of Norwegian rural life does Maihaugen illustrate?
58,Is Maihaugen considered one of Europe's largest open-air museums?
59,At what elevation above sea level is Dalsnibba Skywalk located?
59,Which months are recommended to visit Dalsnibba Skywalk?
59,In which county is Dalsnibba Skywalk situated?
59,"Is Dalsnibba Skywalk classified as a viewpoint, a scenic drive, or both?"
59,What panoramic scenery can visitors see from Dalsnibba Skywalk?
60,Which attraction uses a cable car to reach the mountaintop from the fjord in just minutes?
60,During which months is Loen Skylift recommended for visiting?
60,In which county is Loen Skylift located?
60,What activity type is Loen Skylift classified as?
60,Are hiking trails and panoramic viewpoints accessible from the top of Loen Skylift?
61,During which months is it recommended to visit the Norwegian Glacier Museum?
61,Where is the Norwegian Glacier Museum located?
61,What topics and themes are covered at the museum?
61,Does the museum offer both indoor scientific exhibits and glacier views?
61,Is the Norwegian Glacier Museum classified as a cultural or natural attraction?
62,What is Treriksrøysa and why is it a notable destination?
62,In which Norwegian county is Treriksrøysa located?
62,Which three countries meet at Treriksrøysa?
62,When is the best time of year to visit Treriksrøysa?
62,How is the border point at Treriksrøysa marked and what activities is it suited for?
63,When is the best time to visit Kautokeino to experience Sami traditions?
63,In which county is Kautokeino located?
63,What Sami cultural activities can I experience in Kautokeino?
63,Does Kautokeino host an Easter Festival and what events does it include?
63,Is Kautokeino a center for reindeer herding and handicrafts?
64,What is Drammensbadet known for?
64,In which county is Drammensbadet located?
64,Is Drammensbadet open year-round?
64,"Does Drammensbadet have pools, slides and saunas?"
64,Is Drammensbadet a good family destination in the Drammen area?
65,Which county is Odda located in?
65,When is the best time to visit Odda?
65,Is Odda a good base for hiking to Trolltunga?
65,What activities can visitors do in Odda?
65,What kind of cultural heritage can I experience in Odda?
66,What traditions does Elverum Skogmuseum focus on preserving?
66,Which county in Norway is Elverum Skogmuseum located in?
66,Which months are recommended for visiting Elverum Skogmuseum?
66,"Under which activity type is Elverum Skogmuseum listed — culture, nature, or other?"
66,What aspect of Norway’s heritage does Elverum Skogmuseum showcase?
67,In which county is Risør located?
67,Which months are recommended for visiting Risør?
67,How is Risør typically described as a coastal town?
67,What traditional activities and cultural events is Risør known for?
67,What architectural features characterize the buildings in Risør?
68,In which county is Fredrikstad Fortress (Gamlebyen) located?
68,Which months are best for visiting Fredrikstad Fortress?
68,What type of attraction is Fredrikstad Fortress — historical or cultural?
68,What can visitors see and do in the old town at Fredrikstad Fortress?
68,How well preserved is Fredrikstad Fortress compared to other fortified towns in Europe?
69,Where in Norway is Glomdalsmuseet located?
69,What type of museum is Glomdalsmuseet?
69,During which months is it recommended to visit Glomdalsmuseet?
69,What can visitors expect to see at Glomdalsmuseet?
69,Does the museum include exhibits on Sami culture and traditional rural life in Eastern Norway?
70,When was Stavanger Cathedral built?
70,Is Stavanger Cathedral still in use today?
70,What architectural styles are found in the cathedral?
70,Which county is Stavanger Cathedral located in?
70,During which months can I visit Stavanger Cathedral?
71,When is the best time of year to visit the Hvaler Islands?
71,Which county are the Hvaler Islands in and which nearby town are they close to?
71,"What coastal activities can visitors do on the Hvaler Islands, such as boating or fishing?"
71,Are there sandy beaches on the Hvaler Islands suitable for swimming and sunbathing?
71,What makes the Hvaler Islands a popular holiday destination?
72,In which county is Selje Monastery located?
72,What type of attraction is Selje Monastery classified as?
72,When is the best time of year to visit Selje Monastery?
72,What remains or sights can visitors expect to see at Selje Monastery?
72,Which saint is Selje Monastery associated with?
73,What is the historical significance of Stiklestad National Culture Centre?
73,In which county is Stiklestad National Culture Centre located?
73,When is the best time of year to visit Stiklestad National Culture Centre?
73,What exhibitions and events can I expect at Stiklestad National Culture Centre?
73,Are there medieval reenactments and open-air theatre performances at Stiklestad National Culture Centre?
74,What is Setesdal Valley known for?
74,Which county is Setesdal Valley located in?
74,When is the best time of year to visit Setesdal Valley?
74,What outdoor activities can visitors do in Setesdal Valley?
74,What cultural experiences and festivals are held in Setesdal Valley?
75,In which county is Lillehammer Olympic Park located?
75,"What facilities are available at Lillehammer Olympic Park, such as ski jumps, luge tracks, and museums?"
75,What is Lillehammer Olympic Park's historical significance in relation to the Winter Olympics?
75,During which months of the year can I visit Lillehammer Olympic Park?
75,"What types of activities are offered at Lillehammer Olympic Park — sports, cultural, or both?"
76,What is Notodden Industrial Site known for?
76,In which county is Notodden Industrial Site located?
76,When is the best time of year to visit Notodden Industrial Site?
76,Why is Notodden Industrial Site designated a UNESCO World Heritage Site?
76,What aspect of Norway’s history does Notodden Industrial Site illustrate?
77,How tall is Vøringfossen Waterfall?
77,In which county is Vøringfossen located?
77,Which months are best for visiting Vøringfossen?
77,What does the new viewing platform and walkways at Vøringfossen offer visitors?
77,What kind of activity is Vøringfossen classified as?
78,In which county is Arendal located?
78,Which months are best to visit Arendal?
78,What type of attraction is Arendal classified as?
78,What cultural features and activities is Arendal known for?
78,What type of houses characterize Arendal's charm?
79,In which county is Tvedestrand Book Town located?
79,What is Tvedestrand Book Town best known for?
79,Which months are the best time to visit Tvedestrand Book Town?
79,Is Tvedestrand Book Town located by the fjord?
79,What type of activities and visitors does Tvedestrand Book Town attract?
80,In which county is Henningsvær Football Field located?
80,Which months are best for visiting Henningsvær Football Field?
80,How is Henningsvær Football Field classified as an attraction?
80,Where in Lofoten is Henningsvær Football Field situated?
80,What natural surroundings make Henningsvær Football Field so scenic and frequently photographed?
81,What makes Balestrand a notable destination?
81,Which county is Balestrand located in?
81,What months are best to visit Balestrand?
81,What type of attraction is Balestrand classified as?
81,On which fjord is Balestrand situated?
82,What activities are available in Beitostølen?
82,Which county is Beitostølen in?
82,"Is Beitostølen a year-round destination, and when is it best for skiing versus hiking?"
82,Is Beitostølen suitable for families?
82,Is Beitostølen located near Jotunheimen National Park?
83,What outdoor activities are available in Oppdal?
83,Which county is Oppdal in?
83,Which months are suitable for visiting Oppdal?
83,Can I join wildlife safaris in Oppdal to try to spot musk oxen?
83,Is Oppdal a good destination for skiing?
84,In which county is Hitra located?
84,What kinds of activities can visitors do on Hitra?
84,Which months are best for visiting Hitra?
84,What sights and places can I explore while visiting Hitra?
84,What is Hitra famous for and why should I visit?
85,In which county is Ørlandet Coastal Fort located?
85,Which months are recommended for visiting Ørlandet Coastal Fort?
85,What historical period does Ørlandet Coastal Fort represent?
85,What can I expect to see and do at Ørlandet Coastal Fort?
85,What type of attraction is Ørlandet Coastal Fort categorized as?
86,Which months are recommended for visiting the Hallingdal Museum?
86,In which county is the Hallingdal Museum located?
86,What type of attraction is the Hallingdal Museum — culture or history?
86,What aspects of Hallingdal Valley life does the Hallingdal Museum showcase?
86,What preserved structures and exhibitions can I expect to see at the Hallingdal Museum?
87,In which county is Kvitsøy located?
87,What type of attraction is Kvitsøy?
87,When is the best time to visit Kvitsøy?
87,What are Kvitsøy's main features and traditions?
87,How close is Kvitsøy to Stavanger and what can visitors do there?
88,What county is Sørlandet Zoo and Amusement Park located in?
88,When is the best time of year to visit Sørlandet Zoo and Amusement Park?
88,What attractions and activities does Sørlandet Zoo and Amusement Park offer for families?
88,How close is Sørlandet Zoo and Amusement Park to Kristiansand?
88,What makes Sørlandet Zoo and Amusement Park notable among Norwegian attractions?
89,In which county is Mjøsa Lake located?
89,Which months are best for visiting Mjøsa Lake?
89,What activities can visitors enjoy at Mjøsa Lake?
89,What towns are located around Mjøsa Lake?
89,What makes Mjøsa Lake notable among Norway's lakes?
90,Which county is Hadeland Glassworks in?
90,Is Hadeland Glassworks a cultural or craft attraction?
90,Is Hadeland Glassworks open year-round?
90,Can visitors watch glassblowers at Hadeland Glassworks?
90,What other activities are available there besides glassblowing demonstrations?
91,In which county is the Norwegian Folk Museum located?
91,Which months can I visit the Norwegian Folk Museum?
91,What type of attraction is the Norwegian Folk Museum and what does it exhibit?
91,How many buildings are in the museum's collection?
91,Which stave church is exhibited at the Norwegian Folk Museum?
92,Is Hallingdal River suitable for salmon fishing and rafting?
92,In which county is Hallingdal River located?
92,What months are best to visit Hallingdal River?
92,What activities are available at Hallingdal River?
92,What kind of landscape surrounds Hallingdal River?
93,What type of attraction is the Oseberg Ship?
93,In which county is the Oseberg Ship listed?
93,During which months can one visit the Oseberg Ship?
93,Near which town was the Oseberg Ship discovered?
93,Why is the Oseberg Ship considered an important archaeological find?
94,Which months is Drøbak Christmas House open?
94,In which town and county is Drøbak Christmas House located?
94,What type of attraction is Drøbak Christmas House and what does it offer?
94,Is Norway’s official Santa Claus based at Drøbak Christmas House?
94,What can visitors expect to find at Drøbak Christmas House?
95,What is the Ulriken Cable Car and where does it take visitors?
95,In which county is the Ulriken Cable Car located?
95,During which months is it recommended to visit the Ulriken Cable Car?
95,What type of activity is the Ulriken Cable Car classified as?
95,What views can visitors expect from the summit reached by the Ulriken Cable Car?
96,In which city is Kilden Performing Arts Centre located?
96,Which county is Kilden Performing Arts Centre in?
96,What types of performances take place at Kilden Performing Arts Centre?
96,When can I visit Kilden Performing Arts Centre during the year?
96,What is architecturally notable about Kilden Performing Arts Centre?
97,What outdoor activities are available at Nord-Odal Forests?
97,Which county are the Nord-Odal Forests located in?
97,When is the best time of year to visit Nord-Odal Forests?
97,Are there cabins available for visitors in Nord-Odal Forests?
97,Why are Nord-Odal Forests popular with locals seeking retreats?
98,What is Rallarvegen (Navvies’ Road) and how was it created?
98,Which counties does Rallarvegen run through?
98,What activities are available on Rallarvegen?
98,When is the best time of year to visit Rallarvegen?
98,Is Rallarvegen regarded as one of Norway’s most popular cycling routes today?
99,In which county is Skudeneshavn located?
99,When is the best time to visit Skudeneshavn?
99,Is Skudeneshavn a historic fishing town located on Karmøy?
99,What is Skudeneshavn known for?
99,Why is Skudeneshavn often called Norway's 'summer city'?
100,Which months are best for visiting Kongsberg Silver Mines?
100,In which county are the Kongsberg Silver Mines located?
100,What can visitors expect to do or see at Kongsberg Silver Mines?
100,Are there guided underground mining train tours at Kongsberg Silver Mines?
100,Why were the Kongsberg Silver Mines historically important in Europe?
101,Where is Numedal Valley located?
101,What type of activity is Numedal Valley known for?
101,When is the best time to visit Numedal Valley?
101,Why is Numedal Valley referred to as the 'Valley of Stave Churches'?
101,What notable medieval feature does Numedal Valley have?
102,What type of attraction is Heddal Bygdetun?
102,Which county is Heddal Bygdetun located in?
102,What months is Heddal Bygdetun typically open to visitors?
102,What does Heddal Bygdetun showcase for visitors?
102,Is Heddal Bygdetun an open-air museum near Heddal Stave Church?
103,What activities are available at Tvedestrand Archipelago?
103,When is the best time to visit Tvedestrand Archipelago?
103,In which county is Tvedestrand Archipelago located?
103,Can I go kayaking and swimming in the archipelago's sheltered bays?
103,Where along the Norwegian coast is the Tvedestrand Archipelago situated?
104,In which county is Lom Stave Church located?
104,When is the best time of year to visit Lom Stave Church?
104,What kind of attraction is Lom Stave Church classified as?
104,What notable features and history does Lom Stave Church have?
104,Is Lom Stave Church located near Jotunheimen and does it feature mountain landscapes?
105,In which county is Trysil located?
105,Which months are best for visiting Trysil for skiing?
105,What outdoor activities can I do at Trysil?
105,Is Trysil Norway’s largest ski resort?
105,Does Trysil offer summer activities such as biking and hiking?
106,What is Selbu famous for?
106,In which county is Selbu located?
106,When can I visit Selbu during the year?
106,What cultural or historical activities can I do in Selbu?
106,Can visitors explore Selbu's rose knitting pattern and local textile traditions?
107,What is Østfold Museum Halden known for?
107,Which county is Østfold Museum Halden located in?
107,What kinds of exhibitions are on display at Østfold Museum Halden?
107,Which months are recommended to visit Østfold Museum Halden?
107,What activity type is Østfold Museum Halden categorized under?
108,What is Karmøy Viking Farm?
108,In which county is Karmøy Viking Farm located?
108,When can I visit Karmøy Viking Farm?
108,What can visitors experience at Karmøy Viking Farm?
108,Does Karmøy Viking Farm hold festivals celebrating Norse traditions?
109,"Which county is Bymarka in, and is it located near Trondheim?"
109,"What outdoor activities can I do at Bymarka — are there lakes, trails or skiing?"
109,Is Bymarka suitable for both hiking and cross-country skiing?
109,What months of the year is Bymarka recommended to visit?
109,Is Bymarka a forested recreational area and a local favorite for outdoor activities?
110,Where is Røst located within Norway and which larger island group is it near?
110,In which county is Røst located?
110,What months are best to visit Røst for sightseeing and birdwatching?
110,What kinds of activities can visitors enjoy on Røst?
110,"What wildlife, fishing traditions, and scenery is Røst known for?"
111,What type of attraction is Frognerseteren and what does it offer to visitors?
111,In which county is Frognerseteren located?
111,Can Frognerseteren be used as a starting point for hikes or ski trips?
111,Is Frognerseteren open to visit year-round?
111,Where in Oslo is Frognerseteren situated and what is its building style?
112,Which county is Halden Canal in?
112,Which months are best to visit Halden Canal?
112,What activities are available at Halden Canal?
112,What is Halden Canal known for and what can I see there?
112,Are there boat tours along the Swedish border at Halden Canal?
113,Which county is Mandal in?
113,What type of attraction is Mandal classified as?
113,When is the recommended time to visit Mandal?
113,What is Mandal known for as a tourist destination?
113,What is notable about Mandal's location within Norway?
114,In which county is Steinkjer Church located?
114,"What type of attraction is Steinkjer Church classified as (historical, religious, etc.)?"
114,Was Steinkjer Church built before or after World War II?
114,Which artist created the stained glass in Steinkjer Church?
114,Can Steinkjer Church be visited year-round or only in certain months?
115,Which county is the village of Stø in?
115,Which months are best for visiting Stø?
115,What wildlife activities are available in Stø?
115,What cultural experiences does Stø offer as a fishing village?
115,What kind of coastal scenery can visitors expect in Stø?
116,What is the name of the recreational island near Sandvika?
116,What leisure and nature activities can visitors enjoy on the island?
116,In which county is the island located?
116,When is the best time of year to visit the island?
116,How can visitors access the island from Sandvika?
117,What makes the Sandefjord Whaling Museum unique in Europe?
117,Which county is the Sandefjord Whaling Museum located in?
117,What exhibits and themes are on display at the Sandefjord Whaling Museum?
117,When during the year can I visit the Sandefjord Whaling Museum?
117,Is the Sandefjord Whaling Museum classified as a history or culture attraction?
118,Which county is Grimstad located in?
118,When is the best time of year to visit Grimstad?
118,What connection does Grimstad have to the writer Henrik Ibsen?
118,"What activities and attractions are available in Grimstad, such as museums or boating?"
118,Does Grimstad host summer festivals?
119,In which county is Ørsta located?
119,What outdoor activities is Ørsta known for?
119,Which months are best to visit Ørsta?
119,Ørsta is a gateway to which mountain range?
119,What kinds of scenery and views can visitors expect in Ørsta?
120,What kind of site is Vangskyrkja?
120,In which county is Vangskyrkja located?
120,From which century does Vangskyrkja date?
120,Is Vangskyrkja still used for services today?
120,What architectural influences does Vangskyrkja reflect?
121,In which county is Kongsvinger Fortress located?
121,During which months is it recommended to visit Kongsvinger Fortress?
121,Which river does Kongsvinger Fortress overlook?
121,From which century does Kongsvinger Fortress date?
121,What can visitors explore or see at Kongsvinger Fortress?
122,When is the best time to visit Smøla for wildlife and outdoor activities?
122,In which county is Smøla located?
122,What notable bird species can I expect to see on Smøla?
122,"What outdoor activities are available on Smøla, such as kayaking or fishing?"
122,Does Smøla have cultural heritage sites to explore on the island?
123,What type of attraction is Valdres Folkemuseum?
123,In which county is Valdres Folkemuseum located?
123,Which months are recommended for visiting Valdres Folkemuseum?
123,What does Valdres Folkemuseum showcase from the Valdres region?
123,Is Valdres Folkemuseum an open-air museum or an indoor museum?
124,Which county is Egersund in?
124,What months are best to visit Egersund?
124,What types of activities and cultural events can I find in Egersund?
124,Are there hiking trails near Egersund?
124,What notable sights or architecture should I expect to see in Egersund?
125,What is Fjellheisen Tromsø and what does it lead to?
125,In which county is Fjellheisen Tromsø located?
125,During which months can I visit Fjellheisen Tromsø?
125,What type of activity is Fjellheisen Tromsø classified as?
125,What panoramic sights can I see from Storsteinen at Fjellheisen Tromsø?
126,Which county is Åndalsnes in?
126,What months are best for visiting Åndalsnes?
126,What type of activities is Åndalsnes known for?
126,Which famous ridge hike can you do from Åndalsnes?
126,What notable cliffs and railway are associated with Åndalsnes?
127,Which county is Tysfjord located in?
127,What months are recommended for visiting Tysfjord?
127,What outdoor activities are popular in Tysfjord?
127,What wildlife is Tysfjord especially known for?
127,What cultural heritage is associated with Tysfjord?
128,What is the main focus of the Ringve Music Museum?
128,Where in Norway is the Ringve Music Museum located?
128,Is the Ringve Music Museum open year-round or are there specific months to visit?
128,Does the museum host concerts in addition to exhibitions?
128,Is the museum housed in a historic estate?
129,Which county is Holmenkollen Ski Museum & Tower in?
129,What exhibitions are featured at the Holmenkollen Ski Museum?
129,Can visitors climb the ski jump tower for panoramic city views at Holmenkollen?
129,What category of activity does Holmenkollen Ski Museum & Tower fall under?
129,Is Holmenkollen Ski Museum open year-round?
130,What is Skibladner and what makes it special?
130,In which county does Skibladner operate?
130,When is the best time of year to take a trip on Skibladner?
130,What activities and experiences does a Skibladner cruise include?
130,"Where does Skibladner sail, and what kind of journey can passengers expect?"
131,What kind of attraction is Farsund and what is its historical significance?
131,Which county is Farsund in?
131,What are the best months to visit Farsund?
131,What outdoor activities are popular in Farsund?
131,Does Farsund have beaches and opportunities for sailing and fishing?
132,Which county is Sogndal located in?
132,When is the best time of year to visit Sogndal?
132,What kinds of activities can I do in Sogndal?
132,Can I access Sognefjord and the Jostedalsbreen glacier from Sogndal?
132,Why is Sogndal popular for outdoor activities and student life?
133,What months are recommended to visit Malangen?
133,In which county is Malangen located?
133,What outdoor activities can I do in Malangen?
133,Is Malangen located near Tromsø?
133,Are there opportunities to experience Sami culture in Malangen?
134,In which county is Sunndalsøra located?
134,Which months are best to visit Sunndalsøra for hiking and nature activities?
134,What outdoor activities can I do in Sunndalsøra?
134,What natural features and landmarks surround Sunndalsøra?
134,Why is Sunndalsøra a good base for exploring Dovrefjell-Sunndalsfjella National Park?
135,What type of attraction is Levanger classified as?
135,Which county is Levanger located in?
135,What historic features are preserved in Levanger's town center?
135,What notable market fair does Levanger host and how far back does it date?
135,Which months of the year are suitable for visiting Levanger?
136,In which county is Mosjøen located?
136,When is the recommended time to visit Mosjøen?
136,Which street in Mosjøen is known for its historic wooden houses?
136,What types of activities can visitors expect in Mosjøen?
136,Mosjøen is a gateway to which region?
137,Which months are best to visit Stadlandet for surfing?
137,Which county is Stadlandet located in?
137,What coastal activities and extreme sports can I do at Stadlandet?
137,What makes Stadlandet considered Norway's surfing capital?
137,Are there beaches and coastal hiking routes at Stadlandet?
138,In which city and county is the Norwegian Petroleum Museum located?
138,What aspect of Norway’s history does the museum explain?
138,What type of attraction is the Norwegian Petroleum Museum classified as?
138,Does the museum include interactive exhibitions and offshore equipment on display?
138,Is the museum open year-round and which months are listed for visiting?
139,When is the best time to visit Øye Stave Church?
139,What type of attraction is Øye Stave Church classified as?
139,In which county and region is Øye Stave Church located?
139,Is Øye Stave Church an original medieval building or a reconstructed church with authentic medieval design?
139,What aspect of Norway's heritage does Øye Stave Church represent?
140,What is the Vega Archipelago known for?
140,Which county is the Vega Archipelago located in?
140,When is the best time to visit the Vega Archipelago?
140,What type of activities or experiences can I expect at the Vega Archipelago—nature or cultural heritage?
140,Why is the Vega Archipelago designated a UNESCO World Heritage Site?
141,When was Selbu Church built?
141,What architectural style is Selbu Church known for?
141,Which county is Selbu Church located in?
141,What kind of attraction is Selbu Church classified as?
141,During which months is Selbu Church open or recommended for visiting?
142,Which county is Sandhornøya located in?
142,What months are best to visit Sandhornøya for summer activities?
142,What types of activities can I do on Sandhornøya?
142,Does Sandhornøya feature beaches and mountains?
142,"Are there art projects or cultural venues on Sandhornøya, such as the SALT cultural arena?"
143,In which county is Tvedestrand Museum located?
143,When is the best time of year to visit Tvedestrand Museum (which months)?
143,What kinds of exhibits and collections does Tvedestrand Museum feature?
143,Which local cultural traditions are reflected at Tvedestrand Museum?
143,What type of attraction is Tvedestrand Museum categorized as?
144,Which county is Bømlo located in?
144,When is the best time of year to visit Bømlo?
144,What outdoor activities and coastal experiences can I do on Bømlo?
144,"What historical and cultural attractions does Bømlo offer, such as Viking sites or lighthouses?"
144,What kinds of coastal landscapes and scenery can I expect to explore on Bømlo?
145,Which county is Surnadal in?
145,Which months are recommended for visiting Surnadal?
145,What kinds of activities can I expect in Surnadal?
145,Can I go fishing in Surnadal's rivers?
145,Is Surnadal known for any particular cultural traditions or music?
146,When is the best time to visit the Helgeland Coast?
146,Which county is the Helgeland Coast located in?
146,What outdoor activities are popular on the Helgeland Coast?
146,What natural features can I expect along the Helgeland Coast?
146,Can I go kayaking and cycling on the Helgeland Coast?
147,In which county is Hjørundfjord located?
147,When is the recommended time to visit Hjørundfjord?
147,What kinds of activities can I do at Hjørundfjord?
147,Which mountain range surrounds Hjørundfjord?
147,What scenic features and trails is Hjørundfjord known for?
148,When is the recommended season to visit Runde Bird Island?
148,Which county is Runde Bird Island located in?
148,Which seabirds can I expect to see on Runde — does it have puffins and gannets?
148,What visitor activities are available on Runde Bird Island?
148,Are guided tours and coastal sightseeing opportunities offered at Runde Bird Island?
149,Which county is Fauske located in?
149,When is the best time of year to visit Fauske?
149,What outdoor activities is Fauske popular for?
149,Which national park can you explore from Fauske?
149,What natural features are located near the town of Fauske?
150,In which county is Romsdalsfjord located?
150,What months are best to visit Romsdalsfjord?
150,What outdoor activities are recommended at Romsdalsfjord?
150,What natural features and sights make Romsdalsfjord notable?
150,Are boat tours and kayaking available on Romsdalsfjord?
